j;c;l;lc;m;sp;lp;lb;nlt;nlo;fi;p;f;n;um;uma
B;710;"Liceul ""Profesia""";4061204784;URBAN;Economic;Limba romana;-;28;1;Zi;Servicii;Tehnologica;Liceal;4.10;-
B;711;"Liceul ""Profesia""";4061204784;URBAN;Filologie;Limba romana;-;56;3;Zi;Umanist;Teoretica;Liceal;3.37;5.41
B;705;Liceul International Ioanid;4061205835;URBAN;Stiinte ale Naturii;Limba romana;Limba engleza;15;0;Zi;Real;Teoretica;Liceal;-;-
B;706;Liceul International Ioanid;4061205835;URBAN;Filologie;Limba romana;Limba engleza;15;1;Zi;Umanist;Teoretica;Liceal;7.62;-
B;701;Liceul Teoretic German „Idees”;4061209414;URBAN;Matematica-Informatica;Limba germana;-;15;3;Zi;Real;Teoretica;Liceal;8.03;8.11
B;702;Liceul Teoretic German „Idees”;4061209414;URBAN;Stiinte ale Naturii;Limba germana;-;15;3;Zi;Real;Teoretica;Liceal;8.50;-
B;703;Liceul Teoretic German „Idees”;4061209414;URBAN;Filologie;Limba germana;-;15;2;Zi;Umanist;Teoretica;Liceal;6.35;-
B;704;Liceul Teoretic German „Idees”;4061209414;URBAN;Stiinte Sociale;Limba germana;-;15;1;Zi;Umanist;Teoretica;Liceal;7.11;8.11
B;709;"Liceul Teoretic ""Dr. Mioara Mincu""";4061207041;URBAN;Stiinte ale Naturii;Limba romana;-;78;2;Zi;Real;Teoretica;Liceal;6.75;6.73
B;712;"Liceul Teoretic ""Atlas""";4061205541;URBAN;Filologie;Limba romana;-;52;3;Zi;Umanist;Teoretica;Liceal;6.32;6.53
B;707;LICEUL FEG;4061205057;URBAN;Stiinte Sociale;Limba romana;-;90;6;Zi;Umanist;Teoretica;Liceal;3.62;-
B;708;"LICEUL PARTICULAR ""ONICESCU-MIHOC""";4061204445;URBAN;Economic;Limba romana;-;25;5;Zi;Servicii;Tehnologica;Liceal;2.75;-
B;362;"Colegiul Economic ""Viilor""";4061101019;URBAN;Turism Si alimentatie;Limba romana;-;216;216;Zi;Servicii;Tehnologica;Liceal;5.92;6.50
B;363;"Colegiul Economic ""Viilor""";4061101019;URBAN;Economic;Limba romana;-;120;120;Zi;Servicii;Tehnologica;Liceal;6.80;6.90
B;364;"Colegiul Economic ""Viilor""";4061101019;URBAN;Comert;Limba romana;-;48;48;Zi;Servicii;Tehnologica;Liceal;5.82;6.21
B;332;"Colegiul National ""Gheorghe Lazar""";4061103134;URBAN;Matematica-Informatica;Limba romana;-;78;78;Zi;Real;Teoretica;Liceal;9.90;9.84
B;333;"Colegiul National ""Gheorghe Lazar""";4061103134;URBAN;Stiinte ale Naturii;Limba romana;-;78;78;Zi;Real;Teoretica;Liceal;9.85;9.80
B;334;"Colegiul National ""Gheorghe Lazar""";4061103134;URBAN;Filologie;Limba romana;-;26;26;Zi;Umanist;Teoretica;Liceal;9.65;9.63
B;335;"Colegiul National ""Gheorghe Lazar""";4061103134;URBAN;Stiinte Sociale;Limba romana;-;52;52;Zi;Umanist;Teoretica;Liceal;9.72;9.69
B;353;"Colegiul Tehnic de Industrie Alimentara ""Dumitru Motoc""";4061103482;URBAN;Industrie alimentara;Limba romana;-;120;120;Zi;Resurse naturale Si protectia mediului;Tehnologica;Liceal;4.75;5.54
B;357;"Colegiul Tehnologic ""Grigore Cerchez""";4061103143;URBAN;Stiinte ale Naturii;Limba romana;-;26;26;Zi;Real;Teoretica;Liceal;7.70;7.52
B;358;"Colegiul Tehnologic ""Grigore Cerchez""";4061103143;URBAN;Stiinte Sociale;Limba romana;-;26;26;Zi;Umanist;Teoretica;Liceal;7.90;7.90
B;359;"Colegiul Tehnologic ""Grigore Cerchez""";4061103143;URBAN;Mecanica;Limba romana;-;24;24;Zi;Tehnic;Tehnologica;Liceal;5.42;6.00
B;360;"Colegiul Tehnologic ""Grigore Cerchez""";4061103143;URBAN;Economic;Limba romana;-;48;48;Zi;Servicii;Tehnologica;Liceal;7.02;6.59
B;361;"Colegiul Tehnologic ""Grigore Cerchez""";4061103143;URBAN;Turism Si alimentatie;Limba romana;-;96;96;Zi;Servicii;Tehnologica;Liceal;5.85;6.10
B;336;"Liceul Teoretic ""Ion Barbu""";4061101887;URBAN;Matematica-Informatica;Limba romana;-;52;52;Zi;Real;Teoretica;Liceal;9.15;9.15
B;337;"Liceul Teoretic ""Ion Barbu""";4061101887;URBAN;Stiinte ale Naturii;Limba romana;-;52;52;Zi;Real;Teoretica;Liceal;9.07;9.06
B;338;"Liceul Teoretic ""Ion Barbu""";4061101887;URBAN;Stiinte Sociale;Limba romana;-;52;52;Zi;Umanist;Teoretica;Liceal;8.97;9.01
B;354;"Liceul Tehnologic ""Dimitrie Gusti""";4061102115;URBAN;Stiinte ale Naturii;Limba romana;-;26;26;Zi;Real;Teoretica;Liceal;7.52;7.45
B;355;"Liceul Tehnologic ""Dimitrie Gusti""";4061102115;URBAN;Stiinte Sociale;Limba romana;-;52;52;Zi;Umanist;Teoretica;Liceal;7.52;7.50
B;356;"Liceul Tehnologic ""Dimitrie Gusti""";4061102115;URBAN;Mecanica;Limba romana;-;48;48;Zi;Tehnic;Tehnologica;Liceal;4.97;5.32
B;339;"Liceul Teoretic ""Dimitrie Bolintineanu""";4061103618;URBAN;Matematica-Informatica;Limba romana;-;52;52;Zi;Real;Teoretica;Liceal;8.32;8.20
B;340;"Liceul Teoretic ""Dimitrie Bolintineanu""";4061103618;URBAN;Stiinte ale Naturii;Limba romana;-;52;52;Zi;Real;Teoretica;Liceal;8.25;8.24
B;341;"Liceul Teoretic ""Dimitrie Bolintineanu""";4061103618;URBAN;Filologie;Limba romana;-;52;52;Zi;Umanist;Teoretica;Liceal;8.27;8.36
B;342;"Liceul Teoretic ""Dimitrie Bolintineanu""";4061103618;URBAN;Stiinte Sociale;Limba romana;-;26;26;Zi;Umanist;Teoretica;Liceal;8.37;8.47
B;343;"Liceul Teoretic ""Stefan Odobleja""";4061101557;URBAN;Matematica-Informatica;Limba romana;-;78;78;Zi;Real;Teoretica;Liceal;8.75;8.70
B;344;"Liceul Teoretic ""Stefan Odobleja""";4061101557;URBAN;Stiinte ale Naturii;Limba romana;-;26;26;Zi;Real;Teoretica;Liceal;8.75;8.79
B;345;"Liceul Teoretic ""Stefan Odobleja""";4061101557;URBAN;Filologie;Limba romana;-;26;26;Zi;Umanist;Teoretica;Liceal;8.72;8.79
B;346;"Liceul Teoretic ""Stefan Odobleja""";4061101557;URBAN;Stiinte Sociale;Limba romana;-;26;26;Zi;Umanist;Teoretica;Liceal;8.70;8.76
B;347;Colegiul Tehnic Energetic;4061100131;URBAN;Matematica-Informatica;Limba romana;-;26;26;Zi;Real;Teoretica;Liceal;7.25;-
B;348;Colegiul Tehnic Energetic;4061100131;URBAN;Filologie;Limba romana;-;52;52;Zi;Umanist;Teoretica;Liceal;7.20;7.24
B;349;Colegiul Tehnic Energetic;4061100131;URBAN;Turism Si alimentatie;Limba romana;-;48;48;Zi;Servicii;Tehnologica;Liceal;5.75;6.09
B;350;Colegiul Tehnic Energetic;4061100131;URBAN;Electric;Limba romana;-;48;48;Zi;Tehnic;Tehnologica;Liceal;4.75;4.84
B;351;Colegiul Tehnic Energetic;4061100131;URBAN;Electromecanica;Limba romana;-;24;24;Zi;Tehnic;Tehnologica;Liceal;4.60;4.04
B;352;Colegiul Tehnic Energetic;4061100131;URBAN;Mecanica;Limba romana;-;24;24;Zi;Tehnic;Tehnologica;Liceal;4.67;5.07
B;368;"Colegiul National ""Grigore Moisil""";4061103419;URBAN;Matematica-Informatica;Limba romana;-;78;78;Zi;Real;Teoretica;Liceal;9.67;9.65
B;369;"Colegiul National ""Grigore Moisil""";4061103419;URBAN;Stiinte ale Naturii;Limba romana;-;26;26;Zi;Real;Teoretica;Liceal;9.67;9.63
B;370;"Colegiul National ""Grigore Moisil""";4061103419;URBAN;Filologie;Limba romana;-;26;26;Zi;Umanist;Teoretica;Liceal;9.37;9.36
B;371;"Colegiul National ""Grigore Moisil""";4061103419;URBAN;Stiinte Sociale;Limba romana;-;26;26;Zi;Umanist;Teoretica;Liceal;9.50;9.47
B;365;"Colegiul National ""Elena Cuza""";4061100167;URBAN;Matematica-Informatica;Limba romana;-;52;52;Zi;Real;Teoretica;Liceal;9.37;9.34
B;367;"Colegiul National ""Elena Cuza""";4061100167;URBAN;Filologie;Limba romana;-;26;26;Zi;Umanist;Teoretica;Liceal;9.17;9.16
B;366;"Colegiul National ""Elena Cuza""";4061100167;URBAN;Filologie;Limba romana;Limba engleza;26;26;Zi;Umanist;Teoretica;Liceal;9.20;9.21
B;372;"Liceul Teoretic ""Marin Preda""";4061103636;URBAN;Matematica-Informatica;Limba romana;-;26;26;Zi;Real;Teoretica;Liceal;8.57;8.47
B;373;"Liceul Teoretic ""Marin Preda""";4061103636;URBAN;Filologie;Limba romana;-;52;52;Zi;Umanist;Teoretica;Liceal;8.42;8.52
B;374;"Liceul Teoretic ""Marin Preda""";4061103636;URBAN;Stiinte Sociale;Limba romana;-;52;52;Zi;Umanist;Teoretica;Liceal;8.37;8.43
B;403;"Colegiul Tehnic ""Gheorghe Asachi""";4061101634;URBAN;Stiinte ale Naturii;Limba romana;-;26;26;Zi;Real;Teoretica;Liceal;7.87;-
B;404;"Colegiul Tehnic ""Gheorghe Asachi""";4061101634;URBAN;Stiinte Sociale;Limba romana;-;26;26;Zi;Umanist;Teoretica;Liceal;7.95;7.99
B;405;"Colegiul Tehnic ""Gheorghe Asachi""";4061101634;URBAN;Industrie textila Si pielarie;Limba romana;-;48;48;Zi;Tehnic;Tehnologica;Liceal;5.77;5.98
B;406;"Colegiul Tehnic ""Gheorghe Asachi""";4061101634;URBAN;Productie media;Limba romana;-;72;72;Zi;Tehnic;Tehnologica;Liceal;6.80;6.72
B;383;"Colegiul Tehnic de PoSta Si Telecomunicatii ""Gheorghe Airinei""";4061102264;URBAN;Stiinte ale Naturii;Limba romana;-;26;26;Zi;Real;Teoretica;Liceal;7.60;7.41
B;384;"Colegiul Tehnic de PoSta Si Telecomunicatii ""Gheorghe Airinei""";4061102264;URBAN;Stiinte Sociale;Limba romana;-;78;78;Zi;Umanist;Teoretica;Liceal;7.42;7.57
B;385;"Colegiul Tehnic de PoSta Si Telecomunicatii ""Gheorghe Airinei""";4061102264;URBAN;Electronica automatizari;Limba romana;-;48;48;Zi;Tehnic;Tehnologica;Liceal;5.32;4.84
B;386;"Colegiul Tehnic de PoSta Si Telecomunicatii ""Gheorghe Airinei""";4061102264;URBAN;Economic;Limba romana;-;48;48;Zi;Servicii;Tehnologica;Liceal;6.85;6.30
B;387;"Colegiul Tehnic de PoSta Si Telecomunicatii ""Gheorghe Airinei""";4061102264;URBAN;Turism Si alimentatie;Limba romana;-;48;48;Zi;Servicii;Tehnologica;Liceal;6.27;6.29
B;407;"Colegiul Tehnic ""Carol I""";4061103871;URBAN;Stiinte ale Naturii;Limba romana;-;26;26;Zi;Real;Teoretica;Liceal;7.48;7.24
B;408;"Colegiul Tehnic ""Carol I""";4061103871;URBAN;Protectia mediului;Limba romana;-;48;48;Zi;Resurse naturale Si protectia mediului;Tehnologica;Liceal;6.32;6.52
B;409;"Colegiul Tehnic ""Carol I""";4061103871;URBAN;Electric;Limba romana;-;24;24;Zi;Tehnic;Tehnologica;Liceal;5.12;-
B;410;"Colegiul Tehnic ""Carol I""";4061103871;URBAN;Electronica automatizari;Limba romana;-;24;24;Zi;Tehnic;Tehnologica;Liceal;4.90;5.39
B;411;"Colegiul Tehnic ""Carol I""";4061103871;URBAN;Mecanica;Limba romana;-;48;48;Zi;Tehnic;Tehnologica;Liceal;4.20;4.04
B;412;"Colegiul Economic ""Costin C. Kiritescu""";4061101177;URBAN;Economic;Limba romana;-;120;120;Zi;Servicii;Tehnologica;Liceal;8.25;8.19
B;413;"Colegiul Economic ""Costin C. Kiritescu""";4061101177;URBAN;Turism Si alimentatie;Limba romana;-;72;72;Zi;Servicii;Tehnologica;Liceal;8.17;8.05
B;401;"Liceul cu Program Sportiv ""Mircea Eliade""";4061100886;URBAN;Stiinte ale Naturii;Limba romana;-;26;26;Zi;Real;Teoretica;Liceal;8.15;8.05
B;402;"Liceul cu Program Sportiv ""Mircea Eliade""";4061100886;URBAN;Stiinte Sociale;Limba romana;-;26;26;Zi;Umanist;Teoretica;Liceal;8.20;8.17
B;388;"Colegiul Tehnic ""Petru Maior""";4061100289;URBAN;Matematica-Informatica;Limba romana;-;26;26;Zi;Real;Teoretica;Liceal;8.32;8.23
B;389;"Colegiul Tehnic ""Petru Maior""";4061100289;URBAN;Filologie;Limba romana;-;26;26;Zi;Umanist;Teoretica;Liceal;8.22;8.29
B;390;"Colegiul Tehnic ""Petru Maior""";4061100289;URBAN;Stiinte Sociale;Limba romana;-;26;26;Zi;Umanist;Teoretica;Liceal;8.22;8.29
B;391;"Colegiul Tehnic ""Petru Maior""";4061100289;URBAN;Protectia mediului;Limba romana;-;24;24;Zi;Resurse naturale Si protectia mediului;Tehnologica;Liceal;7.85;7.72
B;392;"Colegiul Tehnic ""Petru Maior""";4061100289;URBAN;Electric;Limba romana;-;24;24;Zi;Tehnic;Tehnologica;Liceal;6.75;6.85
B;393;"Colegiul Tehnic ""Petru Maior""";4061100289;URBAN;Mecanica;Limba romana;-;24;24;Zi;Tehnic;Tehnologica;Liceal;6.50;6.77
B;396;"Colegiul Tehnic ""Iuliu Maniu""";4061101141;URBAN;Stiinte ale Naturii;Limba romana;-;26;26;Zi;Real;Teoretica;Liceal;7.32;7.10
B;397;"Colegiul Tehnic ""Iuliu Maniu""";4061101141;URBAN;Stiinte Sociale;Limba romana;-;78;78;Zi;Umanist;Teoretica;Liceal;7.25;7.39
B;398;"Colegiul Tehnic ""Iuliu Maniu""";4061101141;URBAN;Electric;Limba romana;-;48;48;Zi;Tehnic;Tehnologica;Liceal;4.30;3.50
B;399;"Colegiul Tehnic ""Iuliu Maniu""";4061101141;URBAN;Mecanica;Limba romana;-;48;48;Zi;Tehnic;Tehnologica;Liceal;4.05;3.80
B;400;"Colegiul Tehnic ""Iuliu Maniu""";4061101141;URBAN;Turism Si alimentatie;Limba romana;-;48;48;Zi;Servicii;Tehnologica;Liceal;5.80;5.92
B;375;"Liceul Teoretic ""Tudor Vladimirescu""";4061103179;URBAN;Matematica-Informatica;Limba romana;-;52;52;Zi;Real;Teoretica;Liceal;9.00;9.00
B;376;"Liceul Teoretic ""Tudor Vladimirescu""";4061103179;URBAN;Stiinte ale Naturii;Limba romana;-;52;52;Zi;Real;Teoretica;Liceal;8.92;8.92
B;377;"Liceul Teoretic ""Tudor Vladimirescu""";4061103179;URBAN;Filologie;Limba romana;-;26;26;Zi;Umanist;Teoretica;Liceal;8.90;8.90
B;378;"Liceul Teoretic ""Tudor Vladimirescu""";4061103179;URBAN;Stiinte Sociale;Limba romana;-;52;52;Zi;Umanist;Teoretica;Liceal;8.85;8.88
B;379;"Liceul Teoretic ""Eugen Lovinescu""";4061100149;URBAN;Matematica-Informatica;Limba romana;-;78;78;Zi;Real;Teoretica;Liceal;8.70;8.67
B;380;"Liceul Teoretic ""Eugen Lovinescu""";4061100149;URBAN;Filologie;Limba romana;-;52;52;Zi;Umanist;Teoretica;Liceal;8.65;8.70
B;381;"Liceul Teoretic ""Eugen Lovinescu""";4061100149;URBAN;Filologie;Limba romana;Limba portugheza;26;26;Zi;Umanist;Teoretica;Liceal;8.60;8.48
B;382;"Liceul Tehnologic ""Sf. Antim Ivireanu""";4061101236;URBAN;Turism Si alimentatie;Limba romana;-;48;48;Zi;Servicii;Tehnologica;Liceal;7.57;7.31
B;394;"Liceul Tehnologic ""Petru Poni""";4061101521;URBAN;Electric;Limba romana;-;72;72;Zi;Tehnic;Tehnologica;Liceal;4.30;4.65
B;395;"Liceul Tehnologic ""Petru Poni""";4061101521;URBAN;Economic;Limba romana;-;48;48;Zi;Servicii;Tehnologica;Liceal;5.85;6.23
B;145;"Liceul Teoretic Bilingv ""Miguel de Cervantes""";4061103532;URBAN;Matematica-Informatica;Limba romana;-;26;26;Zi;Real;Teoretica;Liceal;9.17;9.17
B;147;"Liceul Teoretic Bilingv ""Miguel de Cervantes""";4061103532;URBAN;Filologie;Limba romana;-;26;26;Zi;Umanist;Teoretica;Liceal;9.02;9.06
B;146;"Liceul Teoretic Bilingv ""Miguel de Cervantes""";4061103532;URBAN;Matematica-Informatica;Limba romana;Limba spaniola;26;26;Zi;Real;Teoretica;Liceal;8.20;8.60
B;148;"Liceul Teoretic Bilingv ""Miguel de Cervantes""";4061103532;URBAN;Filologie;Limba romana;Limba spaniola;26;26;Zi;Umanist;Teoretica;Liceal;7.30;7.93
B;137;"Liceul Teoretic ""Nicolae Iorga""";4061101774;URBAN;Matematica-Informatica;Limba romana;-;52;52;Zi;Real;Teoretica;Liceal;9.37;9.38
B;138;"Liceul Teoretic ""Nicolae Iorga""";4061101774;URBAN;Stiinte ale Naturii;Limba romana;-;26;26;Zi;Real;Teoretica;Liceal;9.35;9.33
B;140;"Liceul Teoretic ""Nicolae Iorga""";4061101774;URBAN;Filologie;Limba romana;-;26;26;Zi;Umanist;Teoretica;Liceal;9.20;9.21
B;141;"Liceul Teoretic ""Nicolae Iorga""";4061101774;URBAN;Stiinte Sociale;Limba romana;-;26;26;Zi;Umanist;Teoretica;Liceal;9.25;9.26
B;139;"Liceul Teoretic ""Nicolae Iorga""";4061101774;URBAN;Stiinte ale Naturii;Limba romana;Limba engleza;26;26;Zi;Real;Teoretica;Liceal;9.40;9.34
B;130;"Liceul Teoretic ""Jean Monnet""";4061101209;URBAN;Matematica-Informatica;Limba romana;-;52;52;Zi;Real;Teoretica;Liceal;9.20;9.19
B;131;"Liceul Teoretic ""Jean Monnet""";4061101209;URBAN;Stiinte ale Naturii;Limba romana;-;26;26;Zi;Real;Teoretica;Liceal;9.17;9.19
B;132;"Liceul Teoretic ""Jean Monnet""";4061101209;URBAN;Stiinte Sociale;Limba romana;-;52;52;Zi;Umanist;Teoretica;Liceal;9.07;9.08
B;167;"Liceul Teoretic ""George Calinescu""";4061103075;URBAN;Matematica-Informatica;Limba romana;-;78;78;Zi;Real;Teoretica;Liceal;9.02;9.03
B;168;"Liceul Teoretic ""George Calinescu""";4061103075;URBAN;Filologie;Limba romana;-;78;78;Zi;Umanist;Teoretica;Liceal;8.92;8.96
B;133;"Liceul Teoretic ""C-tin Brancoveanu""";4061100384;URBAN;Matematica-Informatica;Limba romana;-;26;26;Zi;Real;Teoretica;Liceal;8.65;8.58
B;134;"Liceul Teoretic ""C-tin Brancoveanu""";4061100384;URBAN;Stiinte ale Naturii;Limba romana;-;52;52;Zi;Real;Teoretica;Liceal;8.37;8.29
B;135;"Liceul Teoretic ""C-tin Brancoveanu""";4061100384;URBAN;Filologie;Limba romana;-;52;52;Zi;Umanist;Teoretica;Liceal;8.32;8.32
B;136;"Liceul Teoretic ""C-tin Brancoveanu""";4061100384;URBAN;Stiinte Sociale;Limba romana;-;52;52;Zi;Umanist;Teoretica;Liceal;8.25;8.24
B;149;"Liceul Teoretic Bulgar ""Hristo Botev""";4061104085;URBAN;Matematica-Informatica;Limba romana;Limba bulgara;26;26;Zi;Real;Teoretica;Liceal;6.27;-
B;150;"Liceul Teoretic Bulgar ""Hristo Botev""";4061104085;URBAN;Filologie;Limba romana;Limba bulgara;26;26;Zi;Umanist;Teoretica;Liceal;7.95;6.94
B;151;"Liceul Teoretic Bulgar ""Hristo Botev""";4061104085;URBAN;Filologie;Limba romana;Limba bulgara;13;13;Zi;Umanist;Teoretica;Liceal;7.20;6.94
B;154;"Liceul Teoretic Bulgar ""Hristo Botev""";4061104085;URBAN;Filologie;Limba romana;Limba romani (rromani);13;13;Zi;Umanist;Teoretica;Liceal;6.07;5.65
B;153;"Liceul Teoretic Bulgar ""Hristo Botev""";4061104085;URBAN;Filologie;Limba romana;Limba rusa;13;13;Zi;Umanist;Teoretica;Liceal;7.05;6.62
B;152;"Liceul Teoretic Bulgar ""Hristo Botev""";4061104085;URBAN;Filologie;Limba romana;Limba neogreaca;13;13;Zi;Umanist;Teoretica;Liceal;7.37;6.98
B;142;"Liceul Teoretic ""Alexandru Vlahuta""";4061103401;URBAN;Filologie;Limba romana;-;52;52;Zi;Umanist;Teoretica;Liceal;8.85;8.91
B;143;"Liceul Teoretic ""Alexandru Vlahuta""";4061103401;URBAN;Filologie;Limba romana;Limba germana;13;13;Zi;Umanist;Teoretica;Liceal;8.67;8.68
B;144;"Liceul Teoretic ""Alexandru Vlahuta""";4061103401;URBAN;Filologie;Limba romana;Limba germana;13;13;Zi;Umanist;Teoretica;Liceal;8.82;8.86
B;155;"Liceul Greco-Catolic ""Timotei Cipariu""";4061103672;URBAN;Matematica-Informatica;Limba romana;-;26;26;Zi;Real;Teoretica;Liceal;8.25;8.23
B;183;"Liceul ""Dimitrie Paciurea""";4061101955;URBAN;Filologie;Limba romana;-;26;26;Zi;Umanist;Teoretica;Liceal;8.00;8.08
B;161;"Colegiul Tehnic ""Media""";4061102947;URBAN;Filologie;Limba romana;-;26;26;Zi;Umanist;Teoretica;Liceal;7.77;7.77
B;162;"Colegiul Tehnic ""Media""";4061102947;URBAN;Productie media;Limba romana;-;192;192;Zi;Tehnic;Tehnologica;Liceal;5.15;5.81
B;163;"Colegiul Tehnic ""Media""";4061102947;URBAN;Tehnici poligrafice;Limba romana;-;24;24;Zi;Tehnic;Tehnologica;Liceal;5.05;5.60
B;169;"Colegiul Tehnic de Aeronautica ""Henri Coanda""";4061103586;URBAN;Matematica-Informatica;Limba romana;-;26;26;Zi;Real;Teoretica;Liceal;8.15;8.16
B;170;"Colegiul Tehnic de Aeronautica ""Henri Coanda""";4061103586;URBAN;Filologie;Limba romana;-;26;26;Zi;Umanist;Teoretica;Liceal;8.02;8.11
B;171;"Colegiul Tehnic de Aeronautica ""Henri Coanda""";4061103586;URBAN;Mecanica;Limba romana;-;48;48;Zi;Tehnic;Tehnologica;Liceal;6.55;6.81
B;172;"Colegiul Tehnic de Aeronautica ""Henri Coanda""";4061103586;URBAN;Electromecanica;Limba romana;-;72;72;Zi;Tehnic;Tehnologica;Liceal;5.80;6.42
B;105;"Colegiul National ""I.L.Caragiale""";4061103306;URBAN;Matematica-Informatica;Limba romana;-;78;78;Zi;Real;Teoretica;Liceal;9.50;9.47
B;109;"Colegiul National ""I.L.Caragiale""";4061103306;URBAN;Stiinte ale Naturii;Limba romana;-;26;26;Zi;Real;Teoretica;Liceal;9.55;9.51
B;110;"Colegiul National ""I.L.Caragiale""";4061103306;URBAN;Filologie;Limba romana;-;26;26;Zi;Umanist;Teoretica;Liceal;9.32;9.36
B;114;"Colegiul National ""I.L.Caragiale""";4061103306;URBAN;Stiinte Sociale;Limba romana;-;26;26;Zi;Umanist;Teoretica;Liceal;9.42;9.43
B;106;"Colegiul National ""I.L.Caragiale""";4061103306;URBAN;Matematica-Informatica;Limba romana;Limba germana;13;13;Zi;Real;Teoretica;Liceal;9.60;9.47
B;107;"Colegiul National ""I.L.Caragiale""";4061103306;URBAN;Matematica-Informatica;Limba romana;Limba germana;13;13;Zi;Real;Teoretica;Liceal;9.60;9.53
B;111;"Colegiul National ""I.L.Caragiale""";4061103306;URBAN;Filologie;Limba romana;Limba germana;13;13;Zi;Umanist;Teoretica;Liceal;9.15;9.07
B;112;"Colegiul National ""I.L.Caragiale""";4061103306;URBAN;Filologie;Limba romana;Limba germana;13;13;Zi;Umanist;Teoretica;Liceal;9.27;9.33
B;108;"Colegiul National ""I.L.Caragiale""";4061103306;URBAN;Matematica-Informatica;Limba romana;Limba engleza;26;26;Zi;Real;Teoretica;Liceal;9.67;9.60
B;113;"Colegiul National ""I.L.Caragiale""";4061103306;URBAN;Filologie;Limba romana;Limba engleza;26;26;Zi;Umanist;Teoretica;Liceal;9.35;9.36
B;120;"Colegiul German ""Goethe""";4061101385;URBAN;Teor.real spec.germana;Limba germana;-;25;25;Zi;Real;Teoretica;Liceal;9.28;9.58
B;121;"Colegiul German ""Goethe""";4061101385;URBAN;Matematica-Informatica;Limba germana;-;26;26;Zi;Real;Teoretica;Liceal;8.78;8.79
B;122;"Colegiul German ""Goethe""";4061101385;URBAN;Filologie;Limba germana;-;26;26;Zi;Umanist;Teoretica;Liceal;8.21;8.42
B;123;"Colegiul German ""Goethe""";4061101385;URBAN;Teor.uman.spec.germana;Limba germana;-;25;25;Zi;Umanist;Teoretica;Liceal;8.96;9.15
B;156;"Colegiul Economic ""V. Madgearu""";4061101046;URBAN;Economic;Limba romana;-;216;216;Zi;Servicii;Tehnologica;Liceal;8.85;8.93
B;157;"Colegiul Economic ""V. Madgearu""";4061101046;URBAN;Turism Si alimentatie;Limba romana;-;24;24;Zi;Servicii;Tehnologica;Liceal;9.02;9.10
B;176;"Colegiul Tehnic ""Mircea cel Batran""";4061100859;URBAN;Economic;Limba romana;-;96;96;Zi;Servicii;Tehnologica;Liceal;6.07;6.26
B;177;"Colegiul Tehnic ""Mircea cel Batran""";4061100859;URBAN;Mecanica;Limba romana;-;72;72;Zi;Tehnic;Tehnologica;Liceal;4.12;2.89
B;178;"Colegiul Tehnic de Arhitectura Si Lucrari Publice ""Ioan N. Socolescu""";4061100737;URBAN;Matematica-Informatica;Limba romana;-;26;26;Zi;Real;Teoretica;Liceal;8.20;8.13
B;179;"Colegiul Tehnic de Arhitectura Si Lucrari Publice ""Ioan N. Socolescu""";4061100737;URBAN;Constructii, instalatii Si lucrari publice;Limba romana;-;48;48;Zi;Tehnic;Tehnologica;Liceal;7.37;7.05
B;101;"Colegiul National ""Sfantul Sava""";4061103541;URBAN;Matematica-Informatica;Limba romana;-;156;156;Zi;Real;Teoretica;Liceal;9.75;9.77
B;103;"Colegiul National ""Sfantul Sava""";4061103541;URBAN;Stiinte ale Naturii;Limba romana;-;26;26;Zi;Real;Teoretica;Liceal;9.85;9.87
B;104;"Colegiul National ""Sfantul Sava""";4061103541;URBAN;Filologie;Limba romana;-;26;26;Zi;Umanist;Teoretica;Liceal;9.67;9.66
B;102;"Colegiul National ""Sfantul Sava""";4061103541;URBAN;Matematica-Informatica;Limba romana;Limba engleza;26;29;Zi;Real;Teoretica;Liceal;9.95;9.89
B;180;"Colegiul Tehnologic ""Viaceslav Harnaj""";4061103749;URBAN;Economic;Limba romana;-;48;48;Zi;Servicii;Tehnologica;Liceal;6.82;6.92
B;181;"Colegiul Tehnologic ""Viaceslav Harnaj""";4061103749;URBAN;Turism Si alimentatie;Limba romana;-;48;48;Zi;Servicii;Tehnologica;Liceal;5.97;6.11
B;182;"Colegiul Tehnologic ""Viaceslav Harnaj""";4061103749;URBAN;Agricultura;Limba romana;-;96;96;Zi;Resurse naturale Si protectia mediului;Tehnologica;Liceal;4.67;5.25
B;164;"Colegiul Tehnic Mecanic ""Grivita""";4061103039;URBAN;Filologie;Limba romana;-;26;26;Zi;Umanist;Teoretica;Liceal;7.55;7.62
B;165;"Colegiul Tehnic Mecanic ""Grivita""";4061103039;URBAN;Turism Si alimentatie;Limba romana;-;24;24;Zi;Servicii;Tehnologica;Liceal;6.20;5.95
B;166;"Colegiul Tehnic Mecanic ""Grivita""";4061103039;URBAN;Mecanica;Limba romana;-;24;24;Zi;Tehnic;Tehnologica;Liceal;4.95;5.60
B;173;"Colegiul Tehnic Feroviar ""Mihai I""";4061100122;URBAN;Matematica-Informatica;Limba romana;-;26;26;Zi;Real;Teoretica;Liceal;7.72;7.41
B;174;"Colegiul Tehnic Feroviar ""Mihai I""";4061100122;URBAN;Stiinte ale Naturii;Limba romana;-;52;52;Zi;Real;Teoretica;Liceal;7.20;7.08
B;175;"Colegiul Tehnic Feroviar ""Mihai I""";4061100122;URBAN;Electric;Limba romana;-;24;24;Zi;Tehnic;Tehnologica;Liceal;4.92;5.29
B;158;"Colegiul Tehnic ""Dinicu Golescu""";4061101082;URBAN;Filologie;Limba romana;-;26;26;Zi;Umanist;Teoretica;Liceal;7.72;7.67
B;159;"Colegiul Tehnic ""Dinicu Golescu""";4061101082;URBAN;Turism Si alimentatie;Limba romana;-;48;48;Zi;Servicii;Tehnologica;Liceal;7.30;7.25
B;160;"Colegiul Tehnic ""Dinicu Golescu""";4061101082;URBAN;Mecanica;Limba romana;-;48;48;Zi;Tehnic;Tehnologica;Liceal;5.42;6.15
B;124;"Colegiul National ""Ion Neculce""";4061102201;URBAN;Matematica-Informatica;Limba romana;-;78;78;Zi;Real;Teoretica;Liceal;9.22;9.22
B;125;"Colegiul National ""Ion Neculce""";4061102201;URBAN;Stiinte ale Naturii;Limba romana;-;26;26;Zi;Real;Teoretica;Liceal;9.25;9.20
B;127;"Colegiul National ""Ion Neculce""";4061102201;URBAN;Filologie;Limba romana;-;26;26;Zi;Umanist;Teoretica;Liceal;9.12;9.10
B;129;"Colegiul National ""Ion Neculce""";4061102201;URBAN;Stiinte Sociale;Limba romana;-;26;26;Zi;Umanist;Teoretica;Liceal;9.15;9.12
B;126;"Colegiul National ""Ion Neculce""";4061102201;URBAN;Stiinte ale Naturii;Limba romana;Limba italiana;26;26;Zi;Real;Teoretica;Liceal;9.15;-
B;128;"Colegiul National ""Ion Neculce""";4061102201;URBAN;Filologie;Limba romana;Limba italiana;26;26;Zi;Umanist;Teoretica;Liceal;9.05;8.20
B;115;"Colegiul National de Informatica ""Tudor Vianu""";4061101408;URBAN;Matematica-Informatica;Limba romana;-;208;208;Zi;Real;Teoretica;Liceal;9.70;9.68
B;116;"Colegiul National de Informatica ""Tudor Vianu""";4061101408;URBAN;Matematica-Informatica;Limba romana;Limba germana;26;26;Zi;Real;Teoretica;Liceal;9.72;9.68
B;117;"Colegiul National ""Aurel Vlaicu""";4061102766;URBAN;Matematica-Informatica;Limba romana;-;52;52;Zi;Real;Teoretica;Liceal;8.72;8.69
B;118;"Colegiul National ""Aurel Vlaicu""";4061102766;URBAN;Stiinte ale Naturii;Limba romana;-;52;52;Zi;Real;Teoretica;Liceal;8.65;8.62
B;119;"Colegiul National ""Aurel Vlaicu""";4061102766;URBAN;Filologie;Limba romana;-;52;52;Zi;Umanist;Teoretica;Liceal;8.57;8.60
B;195;Colegiul National ”Spiru Haret”;4061101851;URBAN;Matematica-Informatica;Limba romana;-;52;52;Zi;Real;Teoretica;Liceal;9.77;9.73
B;197;Colegiul National ”Spiru Haret”;4061101851;URBAN;Stiinte ale Naturii;Limba romana;-;52;52;Zi;Real;Teoretica;Liceal;9.75;9.68
B;198;Colegiul National ”Spiru Haret”;4061101851;URBAN;Filologie;Limba romana;-;26;26;Zi;Umanist;Teoretica;Liceal;9.52;9.51
B;199;Colegiul National ”Spiru Haret”;4061101851;URBAN;Stiinte Sociale;Limba romana;-;52;52;Zi;Umanist;Teoretica;Liceal;9.60;9.57
B;196;Colegiul National ”Spiru Haret”;4061101851;URBAN;Matematica-Informatica;Limba romana;Limba engleza;26;26;Zi;Real;Teoretica;Liceal;9.85;9.79
B;186;Colegiul National ”Cantemir Voda”;4061103455;URBAN;Matematica-Informatica;Limba romana;-;104;104;Zi;Real;Teoretica;Liceal;9.37;9.38
B;188;Colegiul National ”Cantemir Voda”;4061103455;URBAN;Stiinte ale Naturii;Limba romana;-;52;52;Zi;Real;Teoretica;Liceal;9.35;9.35
B;187;Colegiul National ”Cantemir Voda”;4061103455;URBAN;Matematica-Informatica;Limba romana;Limba engleza;26;26;Zi;Real;Teoretica;Liceal;9.47;9.48
B;248;Liceul Tehnologic ”Nikola Tesla”;4061103378;URBAN;Economic;Limba romana;-;48;48;Zi;Servicii;Tehnologica;Liceal;7.60;7.73
B;249;Liceul Tehnologic ”Nikola Tesla”;4061103378;URBAN;Electric;Limba romana;-;48;48;Zi;Tehnic;Tehnologica;Liceal;5.52;6.31
B;216;Liceul Teoretic ”Lucian Blaga”;4061102861;URBAN;Matematica-Informatica;Limba romana;-;26;26;Zi;Real;Teoretica;Liceal;8.27;8.25
B;217;Liceul Teoretic ”Lucian Blaga”;4061102861;URBAN;Stiinte ale Naturii;Limba romana;-;52;52;Zi;Real;Teoretica;Liceal;8.15;8.09
B;218;Liceul Teoretic ”Lucian Blaga”;4061102861;URBAN;Filologie;Limba romana;-;52;52;Zi;Umanist;Teoretica;Liceal;8.15;8.33
B;219;Liceul Teoretic ”Lucian Blaga”;4061102861;URBAN;Stiinte Sociale;Limba romana;-;26;26;Zi;Umanist;Teoretica;Liceal;8.15;8.13
B;215;Liceul Teoretic ”Ady Endre”;4061102775;URBAN;Stiinte ale Naturii;Limba maghiara;-;26;15;Zi;Real;Teoretica;Liceal;5.40;6.16
B;220;Liceul Teoretic ”Mihail Sadoveanu”;4061102617;URBAN;Matematica-Informatica;Limba romana;-;78;78;Zi;Real;Teoretica;Liceal;8.42;8.38
B;221;Liceul Teoretic ”Mihail Sadoveanu”;4061102617;URBAN;Filologie;Limba romana;-;52;52;Zi;Umanist;Teoretica;Liceal;8.45;8.60
B;222;Liceul Teoretic ”Mihail Sadoveanu”;4061102617;URBAN;Stiinte Sociale;Limba romana;-;52;52;Zi;Umanist;Teoretica;Liceal;8.47;8.52
B;211;Colegiul National ”Victor BabeS”;4061102454;URBAN;Matematica-Informatica;Limba romana;-;26;26;Zi;Real;Teoretica;Liceal;8.85;8.92
B;212;Colegiul National ”Victor BabeS”;4061102454;URBAN;Stiinte ale Naturii;Limba romana;-;104;104;Zi;Real;Teoretica;Liceal;8.50;8.59
B;213;Colegiul National ”Victor BabeS”;4061102454;URBAN;Filologie;Limba romana;-;26;26;Zi;Umanist;Teoretica;Liceal;8.65;8.74
B;214;Colegiul National ”Victor BabeS”;4061102454;URBAN;Stiinte Sociale;Limba romana;-;26;26;Zi;Umanist;Teoretica;Liceal;8.62;8.71
B;200;Colegiul National Bilingv ”George CoSbuc”;4061100217;URBAN;Matematica-Informatica;Limba romana;Limba engleza;52;52;Zi;Real;Teoretica;Liceal;9.67;9.69
B;201;Colegiul National Bilingv ”George CoSbuc”;4061100217;URBAN;Stiinte ale Naturii;Limba romana;Limba engleza;26;26;Zi;Real;Teoretica;Liceal;9.67;9.68
B;202;Colegiul National Bilingv ”George CoSbuc”;4061100217;URBAN;Filologie;Limba romana;Limba engleza;52;52;Zi;Umanist;Teoretica;Liceal;9.47;9.48
B;203;Colegiul National Bilingv ”George CoSbuc”;4061100217;URBAN;Stiinte Sociale;Limba romana;Limba engleza;26;26;Zi;Umanist;Teoretica;Liceal;9.57;9.62
B;223;Liceul Teoretic ”C.A. Rosetti”;4061100158;URBAN;Matematica-Informatica;Limba romana;-;78;78;Zi;Real;Teoretica;Liceal;9.05;9.07
B;224;Liceul Teoretic ”C.A. Rosetti”;4061100158;URBAN;Stiinte ale Naturii;Limba romana;-;78;78;Zi;Real;Teoretica;Liceal;9.02;9.04
B;225;Liceul Teoretic ”C.A. Rosetti”;4061100158;URBAN;Filologie;Limba romana;-;26;26;Zi;Umanist;Teoretica;Liceal;9.00;9.04
B;244;"Liceul Tehnologic ""Ion I.C. Bratianu""";4061102151;URBAN;Industrie alimentara;Limba romana;-;24;24;Zi;Resurse naturale Si protectia mediului;Tehnologica;Liceal;6.55;6.53
B;245;"Liceul Tehnologic ""Ion I.C. Bratianu""";4061102151;URBAN;Turism Si alimentatie;Limba romana;-;72;72;Zi;Servicii;Tehnologica;Liceal;5.80;6.22
B;246;"Liceul Tehnologic ""Ion I.C. Bratianu""";4061102151;URBAN;Electric;Limba romana;-;24;24;Zi;Tehnic;Tehnologica;Liceal;4.72;-
B;247;"Liceul Tehnologic ""Ion I.C. Bratianu""";4061102151;URBAN;Mecanica;Limba romana;-;24;24;Zi;Tehnic;Tehnologica;Liceal;4.37;3.46
B;238;Liceul Tehnologic ”Sfantul Pantelimon”;4061103211;URBAN;Stiinte ale Naturii;Limba romana;-;52;52;Zi;Real;Teoretica;Liceal;7.50;7.29
B;239;Liceul Tehnologic ”Sfantul Pantelimon”;4061103211;URBAN;Stiinte Sociale;Limba romana;-;26;26;Zi;Umanist;Teoretica;Liceal;7.75;7.70
B;240;Liceul Tehnologic ”Sfantul Pantelimon”;4061103211;URBAN;Mecanica;Limba romana;-;24;24;Zi;Tehnic;Tehnologica;Liceal;5.17;5.59
B;241;Liceul Tehnologic ”Constantin BrancuSi”;4061103125;URBAN;Turism Si alimentatie;Limba romana;-;72;72;Zi;Servicii;Tehnologica;Liceal;7.07;7.05
B;242;Liceul Tehnologic ”Constantin BrancuSi”;4061103125;URBAN;Fabricarea produselor din lemn;Limba romana;-;48;48;Zi;Tehnic;Tehnologica;Liceal;5.25;5.45
B;243;Liceul Tehnologic ”Constantin BrancuSi”;4061103125;URBAN;Protectia mediului;Limba romana;-;24;24;Zi;Resurse naturale Si protectia mediului;Tehnologica;Liceal;6.72;6.45
B;234;Colegiul Tehnic ”Dimitrie Leonida”;4061102721;URBAN;Stiinte ale Naturii;Limba romana;-;26;26;Zi;Real;Teoretica;Liceal;7.62;7.53
B;235;Colegiul Tehnic ”Dimitrie Leonida”;4061102721;URBAN;Electronica automatizari;Limba romana;-;48;48;Zi;Tehnic;Tehnologica;Liceal;5.45;6.24
B;236;Colegiul Tehnic ”Dimitrie Leonida”;4061102721;URBAN;Mecanica;Limba romana;-;48;48;Zi;Tehnic;Tehnologica;Liceal;4.52;4.22
B;237;Colegiul Tehnic ”Dimitrie Leonida”;4061102721;URBAN;Protectia mediului;Limba romana;-;24;24;Zi;Resurse naturale Si protectia mediului;Tehnologica;Liceal;6.80;6.59
B;250;Colegiul Economic ”A.D.Xenopol”;4061102567;URBAN;Economic;Limba romana;-;144;144;Zi;Servicii;Tehnologica;Liceal;8.47;8.50
B;251;Colegiul Economic ”A.D.Xenopol”;4061102567;URBAN;Turism Si alimentatie;Limba romana;-;48;48;Zi;Servicii;Tehnologica;Liceal;8.40;8.45
B;252;Colegiul Economic ”Hermes”;4061101349;URBAN;Economic;Limba romana;-;144;144;Zi;Servicii;Tehnologica;Liceal;7.90;7.84
B;253;Colegiul Economic ”Hermes”;4061101349;URBAN;Turism Si alimentatie;Limba romana;-;48;48;Zi;Servicii;Tehnologica;Liceal;7.82;7.71
B;254;Colegiul Economic ”Hermes”;4061101349;URBAN;Comert;Limba romana;-;48;48;Zi;Servicii;Tehnologica;Liceal;7.77;7.63
B;232;Colegiul Tehnic ”Edmond Nicolau”;4061100954;URBAN;Mecanica;Limba romana;-;48;48;Zi;Tehnic;Tehnologica;Liceal;4.62;5.12
B;233;Colegiul Tehnic ”Edmond Nicolau”;4061100954;URBAN;Electronica automatizari;Limba romana;-;48;48;Zi;Tehnic;Tehnologica;Liceal;4.35;4.13
B;296;"Liceul Tehnologic ""Dragomir Hurmuzescu""";4061101896;URBAN;Comert;Limba romana;-;24;24;Zi;Servicii;Tehnologica;Liceal;5.82;6.00
B;297;"Liceul Tehnologic ""Dragomir Hurmuzescu""";4061101896;URBAN;Economic;Limba romana;-;48;48;Zi;Servicii;Tehnologica;Liceal;6.62;6.78
B;298;"Liceul Tehnologic ""Dragomir Hurmuzescu""";4061101896;URBAN;Estetica Si igiena corpului omenesc;Limba romana;-;48;48;Zi;Servicii;Tehnologica;Liceal;5.12;6.14
B;299;"Liceul Tehnologic ""Dragomir Hurmuzescu""";4061101896;URBAN;Electromecanica;Limba romana;-;24;24;Zi;Tehnic;Tehnologica;Liceal;4.40;4.46
B;316;"Colegiul National ""Octav Onicescu""";4061102169;URBAN;Matematica-Informatica;Limba romana;-;104;104;Zi;Real;Teoretica;Liceal;8.65;8.63
B;317;"Colegiul National ""Octav Onicescu""";4061102169;URBAN;Filologie;Limba romana;-;52;52;Zi;Umanist;Teoretica;Liceal;8.57;8.62
B;318;"Colegiul National ""Octav Onicescu""";4061102169;URBAN;Stiinte Sociale;Limba romana;-;26;26;Zi;Umanist;Teoretica;Liceal;8.65;8.69
B;320;"Liceul Teologic Adventist ""Stefan Demetrescu""";4061103966;URBAN;Matematica-Informatica;Limba romana;-;26;26;Zi;Real;Teoretica;Liceal;8.82;8.81
B;321;"Liceul Teologic Adventist ""Stefan Demetrescu""";4061103966;URBAN;Filologie;Limba romana;-;26;26;Zi;Umanist;Teoretica;Liceal;8.32;8.26
B;330;"Liceul Tehnologic ""Mircea Vulcanescu""";4061100687;URBAN;Economic;Limba romana;-;168;168;Zi;Servicii;Tehnologica;Liceal;6.47;6.67
B;331;"Liceul Tehnologic ""Mircea Vulcanescu""";4061100687;URBAN;Turism Si alimentatie;Limba romana;-;48;48;Zi;Servicii;Tehnologica;Liceal;6.40;6.63
B;322;"Liceul Tehnologic de Metrologie ""Traian Vuia""";4061101982;URBAN;Matematica-Informatica;Limba romana;-;52;52;Zi;Real;Teoretica;Liceal;7.65;7.33
B;323;"Liceul Tehnologic de Metrologie ""Traian Vuia""";4061101982;URBAN;Stiinte ale Naturii;Limba romana;-;52;52;Zi;Real;Teoretica;Liceal;7.40;7.36
B;324;"Liceul Tehnologic de Metrologie ""Traian Vuia""";4061101982;URBAN;Filologie;Limba romana;-;26;26;Zi;Umanist;Teoretica;Liceal;7.50;-
B;325;"Liceul Tehnologic de Metrologie ""Traian Vuia""";4061101982;URBAN;Electric;Limba romana;-;24;24;Zi;Tehnic;Tehnologica;Liceal;5.55;5.36
B;326;"Liceul Tehnologic de Metrologie ""Traian Vuia""";4061101982;URBAN;Electronica automatizari;Limba romana;-;24;24;Zi;Tehnic;Tehnologica;Liceal;5.40;5.22
B;327;"Liceul Tehnologic de Metrologie ""Traian Vuia""";4061101982;URBAN;Protectia mediului;Limba romana;-;48;48;Zi;Resurse naturale Si protectia mediului;Tehnologica;Liceal;5.80;5.88
B;328;"Liceul Tehnologic ""Dacia""";4061102463;URBAN;Matematica-Informatica;Limba romana;-;26;26;Zi;Real;Teoretica;Liceal;6.95;-
B;329;"Liceul Tehnologic ""Dacia""";4061102463;URBAN;Mecanica;Limba romana;-;48;48;Zi;Tehnic;Tehnologica;Liceal;4.02;2.87
B;319;"Colegiul Romano-Catolic ""Sfantul Iosif""";4061100669;URBAN;Stiinte ale Naturii;Limba romana;-;26;26;Zi;Real;Teoretica;Liceal;8.55;8.62
B;304;"Colegiul National ""Mihai Eminescu""";4061103274;URBAN;Matematica-Informatica;Limba romana;-;104;104;Zi;Real;Teoretica;Liceal;9.22;9.23
B;305;"Colegiul National ""Mihai Eminescu""";4061103274;URBAN;Stiinte ale Naturii;Limba romana;-;26;26;Zi;Real;Teoretica;Liceal;9.27;9.27
B;306;"Colegiul National ""Mihai Eminescu""";4061103274;URBAN;Filologie;Limba romana;-;52;52;Zi;Umanist;Teoretica;Liceal;9.12;9.14
B;307;"Colegiul National ""Mihai Eminescu""";4061103274;URBAN;Stiinte Sociale;Limba romana;-;26;26;Zi;Umanist;Teoretica;Liceal;9.17;9.19
B;311;"Colegiul National ""Ion Creanga""";4061103265;URBAN;Matematica-Informatica;Limba romana;-;52;52;Zi;Real;Teoretica;Liceal;9.45;9.43
B;313;"Colegiul National ""Ion Creanga""";4061103265;URBAN;Stiinte ale Naturii;Limba romana;-;52;52;Zi;Real;Teoretica;Liceal;9.40;9.40
B;314;"Colegiul National ""Ion Creanga""";4061103265;URBAN;Filologie;Limba romana;-;52;52;Zi;Umanist;Teoretica;Liceal;9.25;9.27
B;315;"Colegiul National ""Ion Creanga""";4061103265;URBAN;Stiinte Sociale;Limba romana;-;26;26;Zi;Umanist;Teoretica;Liceal;9.32;9.32
B;312;"Colegiul National ""Ion Creanga""";4061103265;URBAN;Matematica-Informatica;Limba romana;Limba engleza;26;26;Zi;Real;Teoretica;Liceal;9.55;9.57
B;308;"Colegiul National ""Gheorghe Sincai""";4061101756;URBAN;Matematica-Informatica;Limba romana;-;130;130;Zi;Real;Teoretica;Liceal;9.52;9.48
B;309;"Colegiul National ""Gheorghe Sincai""";4061101756;URBAN;Stiinte ale Naturii;Limba romana;-;52;52;Zi;Real;Teoretica;Liceal;9.52;9.47
B;310;"Colegiul National ""Gheorghe Sincai""";4061101756;URBAN;Filologie;Limba romana;-;26;26;Zi;Umanist;Teoretica;Liceal;9.42;9.32
B;226;Liceul Teoretic Bilingv ”Ita Wegman”;4061105077;URBAN;Stiinte ale Naturii;Limba romana;-;26;26;Zi;Real;Teoretica;Liceal;8.47;8.30
B;227;Liceul Teoretic Bilingv ”Ita Wegman”;4061105077;URBAN;Stiinte Sociale;Limba romana;Limba germana;26;26;Zi;Umanist;Teoretica;Liceal;8.35;8.29
B;189;Colegiul National ”Iulia HaSdeu”;4061102341;URBAN;Matematica-Informatica;Limba romana;-;78;78;Zi;Real;Teoretica;Liceal;9.40;9.42
B;191;Colegiul National ”Iulia HaSdeu”;4061102341;URBAN;Stiinte ale Naturii;Limba romana;-;26;26;Zi;Real;Teoretica;Liceal;9.47;9.47
B;192;Colegiul National ”Iulia HaSdeu”;4061102341;URBAN;Filologie;Limba romana;-;52;52;Zi;Umanist;Teoretica;Liceal;9.27;9.28
B;193;Colegiul National ”Iulia HaSdeu”;4061102341;URBAN;Filologie;Limba romana;Limba spaniola;26;26;Zi;Umanist;Teoretica;Liceal;8.20;7.74
B;190;Colegiul National ”Iulia HaSdeu”;4061102341;URBAN;Matematica-Informatica;Limba romana;Limba engleza;26;26;Zi;Real;Teoretica;Liceal;9.55;9.54
B;194;Colegiul National ”Iulia HaSdeu”;4061102341;URBAN;Filologie;Limba romana;Limba engleza;26;26;Zi;Umanist;Teoretica;Liceal;9.35;9.35
B;228;Liceul Teoretic ”Traian”;4061102273;URBAN;Matematica-Informatica;Limba romana;-;26;26;Zi;Real;Teoretica;Liceal;8.15;7.97
B;229;Liceul Teoretic ”Traian”;4061102273;URBAN;Stiinte ale Naturii;Limba romana;-;52;52;Zi;Real;Teoretica;Liceal;8.02;7.90
B;230;Liceul Teoretic ”Traian”;4061102273;URBAN;Filologie;Limba romana;-;52;52;Zi;Umanist;Teoretica;Liceal;8.02;8.11
B;231;Liceul Teoretic ”Traian”;4061102273;URBAN;Stiinte Sociale;Limba romana;-;52;52;Zi;Umanist;Teoretica;Liceal;7.97;8.02
B;184;Colegiul National ”Mihai Viteazul”;4061101688;URBAN;Matematica-Informatica;Limba romana;-;208;208;Zi;Real;Teoretica;Liceal;9.50;9.49
B;185;Colegiul National ”Mihai Viteazul”;4061101688;URBAN;Stiinte ale Naturii;Limba romana;-;52;52;Zi;Real;Teoretica;Liceal;9.60;9.63
B;204;"Colegiul National ""Scoala Centrala”";4061104022;URBAN;Matematica-Informatica;Limba romana;-;52;52;Zi;Real;Teoretica;Liceal;9.27;9.26
B;207;"Colegiul National ""Scoala Centrala”";4061104022;URBAN;Filologie;Limba romana;-;78;78;Zi;Umanist;Teoretica;Liceal;9.07;9.11
B;205;"Colegiul National ""Scoala Centrala”";4061104022;URBAN;Matematica-Informatica;Limba romana;Limba franceza;26;26;Zi;Real;Teoretica;Liceal;8.85;8.71
B;206;"Colegiul National ""Scoala Centrala”";4061104022;URBAN;Matematica-Informatica;Limba romana;Limba franceza;26;26;Zi;Real;Teoretica;Liceal;9.15;9.15
B;208;"Colegiul National ""Scoala Centrala”";4061104022;URBAN;Filologie;Limba romana;Limba franceza;26;26;Zi;Umanist;Teoretica;Liceal;8.60;8.46
B;209;Colegiul National ”Emil Racovita”;4061100556;URBAN;Matematica-Informatica;Limba romana;-;26;26;Zi;Real;Teoretica;Liceal;8.92;8.99
B;210;Colegiul National ”Emil Racovita”;4061100556;URBAN;Filologie;Limba romana;-;26;26;Zi;Umanist;Teoretica;Liceal;8.85;8.89
B;276;"Scoala Superioara Comerciala ""Nicolae Kretzulescu""";4061100877;URBAN;Comert;Limba romana;-;24;24;Zi;Servicii;Tehnologica;Liceal;8.75;8.79
B;277;"Scoala Superioara Comerciala ""Nicolae Kretzulescu""";4061100877;URBAN;Economic;Limba romana;-;144;144;Zi;Servicii;Tehnologica;Liceal;8.67;8.75
B;278;"Scoala Superioara Comerciala ""Nicolae Kretzulescu""";4061100877;URBAN;Turism Si alimentatie;Limba romana;-;24;24;Zi;Servicii;Tehnologica;Liceal;8.77;8.82
B;271;"Liceul Teoretic ""Nichita Stanescu""";4061100104;URBAN;Matematica-Informatica;Limba romana;-;52;52;Zi;Real;Teoretica;Liceal;8.10;7.98
B;272;"Liceul Teoretic ""Nichita Stanescu""";4061100104;URBAN;Stiinte Sociale;Limba romana;-;104;104;Zi;Umanist;Teoretica;Liceal;8.00;8.05
B;273;"Liceul Teoretic ""Decebal""";4061100416;URBAN;Matematica-Informatica;Limba romana;-;26;26;Zi;Real;Teoretica;Liceal;8.27;8.14
B;274;"Liceul Teoretic ""Decebal""";4061100416;URBAN;Filologie;Limba romana;-;78;78;Zi;Umanist;Teoretica;Liceal;8.07;8.31
B;275;"Liceul Teoretic ""Decebal""";4061100416;URBAN;Stiinte Sociale;Limba romana;-;78;78;Zi;Umanist;Teoretica;Liceal;8.02;8.06
B;268;"Liceul Teoretic ""Benjamin Franklin""";4061100981;URBAN;Matematica-Informatica;Limba romana;-;52;52;Zi;Real;Teoretica;Liceal;8.42;8.35
B;269;"Liceul Teoretic ""Benjamin Franklin""";4061100981;URBAN;Stiinte ale Naturii;Limba romana;-;52;52;Zi;Real;Teoretica;Liceal;8.37;8.44
B;270;"Liceul Teoretic ""Benjamin Franklin""";4061100981;URBAN;Filologie;Limba romana;-;78;78;Zi;Umanist;Teoretica;Liceal;8.35;8.49
B;289;"Colegiul Tehnic ""Mihai Bravu""";4061102739;URBAN;Stiinte ale Naturii;Limba romana;-;26;26;Zi;Real;Teoretica;Liceal;7.90;7.59
B;290;"Colegiul Tehnic ""Mihai Bravu""";4061102739;URBAN;Turism Si alimentatie;Limba romana;-;72;72;Zi;Servicii;Tehnologica;Liceal;7.37;7.10
B;291;"Colegiul Tehnic ""Mihai Bravu""";4061102739;URBAN;Constructii, instalatii Si lucrari publice;Limba romana;-;48;48;Zi;Tehnic;Tehnologica;Liceal;5.07;5.25
B;292;"Colegiul Tehnic ""Mihai Bravu""";4061102739;URBAN;Electric;Limba romana;-;24;24;Zi;Tehnic;Tehnologica;Liceal;4.87;3.15
B;293;"Colegiul Tehnic ""Mihai Bravu""";4061102739;URBAN;Mecanica;Limba romana;-;48;48;Zi;Tehnic;Tehnologica;Liceal;4.45;4.67
B;279;"Colegiul Tehnic ""Costin D. Nenitescu""";4061101824;URBAN;Stiinte ale Naturii;Limba romana;-;26;26;Zi;Real;Teoretica;Liceal;7.70;7.55
B;280;"Colegiul Tehnic ""Costin D. Nenitescu""";4061101824;URBAN;Stiinte Sociale;Limba romana;-;26;26;Zi;Umanist;Teoretica;Liceal;7.65;-
B;281;"Colegiul Tehnic ""Costin D. Nenitescu""";4061101824;URBAN;Chimie industriala;Limba romana;-;24;24;Zi;Tehnic;Tehnologica;Liceal;6.55;6.75
B;282;"Colegiul Tehnic ""Costin D. Nenitescu""";4061101824;URBAN;Chimie industriala;Limba romana;-;24;24;Zi;Resurse naturale Si protectia mediului;Tehnologica;Liceal;6.35;-
B;283;"Colegiul Tehnic ""Costin D. Nenitescu""";4061101824;URBAN;Industrie alimentara;Limba romana;-;24;24;Zi;Resurse naturale Si protectia mediului;Tehnologica;Liceal;6.12;5.96
B;284;"Colegiul Tehnic ""Costin D. Nenitescu""";4061101824;URBAN;Protectia mediului;Limba romana;-;48;48;Zi;Resurse naturale Si protectia mediului;Tehnologica;Liceal;6.17;6.14
B;285;"Colegiul Tehnic ""Costin D. Nenitescu""";4061101824;URBAN;Electromecanica;Limba romana;-;24;24;Zi;Tehnic;Tehnologica;Liceal;5.10;-
B;255;"Colegiul National ""Matei Basarab""";4061103012;URBAN;Matematica-Informatica;Limba romana;-;104;104;Zi;Real;Teoretica;Liceal;9.50;9.44
B;256;"Colegiul National ""Matei Basarab""";4061103012;URBAN;Stiinte ale Naturii;Limba romana;-;52;52;Zi;Real;Teoretica;Liceal;9.47;9.43
B;257;"Colegiul National ""Matei Basarab""";4061103012;URBAN;Filologie;Limba romana;-;26;26;Zi;Umanist;Teoretica;Liceal;9.37;9.32
B;258;"Colegiul National ""Matei Basarab""";4061103012;URBAN;Stiinte Sociale;Limba romana;-;26;26;Zi;Umanist;Teoretica;Liceal;9.45;9.36
B;286;"Colegiul Tehnic ""Anghel Saligny""";4061100375;URBAN;Constructii, instalatii Si lucrari publice;Limba romana;-;72;72;Zi;Tehnic;Tehnologica;Liceal;5.32;6.00
B;287;"Colegiul Tehnic ""Anghel Saligny""";4061100375;URBAN;Economic;Limba romana;-;72;72;Zi;Servicii;Tehnologica;Liceal;7.30;7.35
B;288;"Colegiul Tehnic ""Anghel Saligny""";4061100375;URBAN;Protectia mediului;Limba romana;-;24;24;Zi;Resurse naturale Si protectia mediului;Tehnologica;Liceal;7.05;6.75
B;259;"Liceul Teoretic ""Alexandru Ioan Cuza""";4061102576;URBAN;Matematica-Informatica;Limba romana;-;130;130;Zi;Real;Teoretica;Liceal;9.25;9.29
B;260;"Liceul Teoretic ""Alexandru Ioan Cuza""";4061102576;URBAN;Stiinte ale Naturii;Limba romana;-;26;26;Zi;Real;Teoretica;Liceal;9.30;9.28
B;261;"Liceul Teoretic ""Alexandru Ioan Cuza""";4061102576;URBAN;Stiinte Sociale;Limba romana;-;52;52;Zi;Umanist;Teoretica;Liceal;9.17;9.20
B;300;Liceul Tehnologic Theodor Pallady;4061106069;URBAN;Filologie;Limba romana;-;26;26;Zi;Umanist;Teoretica;Liceal;7.52;7.47
B;301;Liceul Tehnologic Theodor Pallady;4061106069;URBAN;Mecanica;Limba romana;-;72;72;Zi;Tehnic;Tehnologica;Liceal;3.95;3.66
B;302;Liceul Tehnologic Theodor Pallady;4061106069;URBAN;Electronica automatizari;Limba romana;-;24;24;Zi;Tehnic;Tehnologica;Liceal;3.90;3.20
B;303;Liceul Tehnologic Theodor Pallady;4061106069;URBAN;Electric;Limba romana;-;24;24;Zi;Tehnic;Tehnologica;Liceal;3.90;4.43
B;294;"Liceul Tehnologic ""Elie Radu""";4061100538;URBAN;Economic;Limba romana;-;96;96;Zi;Servicii;Tehnologica;Liceal;5.50;6.01
B;295;"Liceul Tehnologic ""Elie Radu""";4061100538;URBAN;Mecanica;Limba romana;-;48;48;Zi;Tehnic;Tehnologica;Liceal;4.45;5.13
B;262;"Liceul Teoretic ""Dante Alighieri""";4061100502;URBAN;Matematica-Informatica;Limba romana;-;52;52;Zi;Real;Teoretica;Liceal;9.00;9.02
B;264;"Liceul Teoretic ""Dante Alighieri""";4061100502;URBAN;Stiinte ale Naturii;Limba romana;-;26;26;Zi;Real;Teoretica;Liceal;9.02;9.04
B;265;"Liceul Teoretic ""Dante Alighieri""";4061100502;URBAN;Stiinte ale Naturii;Limba italiana;-;26;25;Zi;Real;Teoretica;Liceal;3.10;-
B;266;"Liceul Teoretic ""Dante Alighieri""";4061100502;URBAN;Filologie;Limba romana;-;26;26;Zi;Umanist;Teoretica;Liceal;8.92;8.99
B;263;"Liceul Teoretic ""Dante Alighieri""";4061100502;URBAN;Matematica-Informatica;Limba romana;Limba italiana;26;26;Zi;Real;Teoretica;Liceal;7.80;7.64
B;267;"Liceul Teoretic ""Dante Alighieri""";4061100502;URBAN;Filologie;Limba romana;Limba italiana;26;26;Zi;Umanist;Teoretica;Liceal;8.10;7.90
